recno,Name,Date,Time,RAdeg,DEdeg,length,angle,sigma,mag,snr,seeing,Inst,Filter,ExpTime,predRA,predDE,preda,predb,predlength,predangle,predmag,predsn, , ,"""Y:M:D""", ,deg,deg,arcsec,deg,arcsec,mag, ,arcsec, , ,s,deg,deg,arcsec,arcsec,arcsec,deg,mag
1,2014KP84 ,23-11-2011,1-45-39,340.5432617,-26.1106935,3.26114523,75.54889706,0.71742783,21.69558062,7.61339567,1.540415801,ESO-VST/OMEGACAM,OCAM_g_SDSS,50,340.5433333,-26.11070833,1.624,1.716,3.354122966,92.303,20.799,16.90458556,,,,,,,,,,,,,,,,,,,,,,
2,2021WO   ,23-11-2011,0-48-29,323.4082321,-26.20665983,3.97741197,177.7675845,0.38764488,21.95795249,9.121898224,0.827850585,ESO-VST/OMEGACAM,OCAM_g_SDSS,50,323.403625,-26.20397222,138.407,90.932,4.200021,104.396,21.447,13.82985107,,,,,,,,,,,,,,,,,,,,,,
3,2013JT22 ,26-11-2011,2-43-22,352.6622062,-26.96969396,5.10964713,156.6336749,0.23206491,19.12128424,19.05370282,0.722082212,ESO-VST/OMEGACAM,OCAM_i_SDSS,45,352.6627083,-26.96963889,5.149,0.676,5.758493019,95.172,19.02,18.55994706,,,,,,,,,,,,,,,,,,,,,,
4,2013JT22 ,26-11-2011,2-44-49,352.6650993,-26.96866793,5.3975376,157.009306,0.37231572,19.02290189,17.1690277,0.83055521,ESO-VST/OMEGACAM,OCAM_i_SDSS,45,352.6656667,-26.96858333,5.149,0.676,5.75849302,95.172,19.02,16.13596238,,,,,,,,,,,,,,,,,,,,,,
5,2011SR26 ,27-09-2011,07-07-2002,3.826052271,-28.44800502,5.44051809,82.32790451,0.69073914,20.58914487,16.51864563,0.790956078,ESO-VST/OMEGACAM,OCAM_r_SDSS,45,3.826041667,-28.44819444,2.275,6.646,5.531747674,96.679,20.804,13.3294408,,,,,,,,,,,,,,,,,,,,,,
6,2011SR26 ,27-09-2011,07-08-1930,3.826628396,-28.45093403,5.33538873,77.13965709,0.62187111,20.56165718,12.84868719,1.063499561,ESO-VST/OMEGACAM,OCAM_r_SDSS,45,3.826645833,-28.45111111,2.277,6.647,5.501157246,96.68,20.804,9.968625815,,,,,,,,,,,,,,,,,,,,,,
7,2020PV65 ,04-09-2011,4-57-51,11.3044015,-24.96589301,3.29278593,96.97293494,0.37902963,21.12954412,32.30239723,0.812529442,ESO-VST/OMEGACAM,OCAM_r_SDSS,180,11.30520833,-24.965875,4.551,0.414,3.551077181,94.562,20.952,35.27429614,,,,,,,,,,,,,,,,,,,,,,
8,2020PV65 ,04-09-2011,05-01-1936,11.30426314,-24.96707704,3.52926546,102.678506,0.4120956,21.22798116,28.84416646,0.775390047,ESO-VST/OMEGACAM,OCAM_r_SDSS,180,11.305,-24.96706944,4.551,0.414,3.551077181,94.562,20.952,36.96385357,,,,,,,,,,,,,,,,,,,,,,
9,2011OV18 ,24-01-2012,7-14-13,128.4793139,-39.13071901,3.46062591,23.44594864,0.48045816,21.46819277,9.80192727,0.977917892,ESO-VST/OMEGACAM,OCAM_u_SDSS,150,128.4792292,-39.13076389,1.029,0.611,4.117362375,91.029,20.351,23.05294217,,,,,,,,,,,,,,,,,,,,,,
10,2012FX23 ,22-03-2012,4-53-20,187.6253663,-6.275854475,6.23564886,146.6451871,1.06360569,20.81024709,9.072875034,1.02494272,ESO-VST/OMEGACAM,OCAM_r_SDSS,45,187.6247917,-6.276125,9.216,5.65,7.156137265,100.663,20.858,7.565681035,,,,,,,,,,,,,,,,,,,,,,
11,2012FX23 ,22-03-2012,4-54-46,187.6284867,-6.274360124,7.32277896,148.7979041,3.07356693,20.86853898,7.722307467,0.971821279,ESO-VST/OMEGACAM,OCAM_r_SDSS,45,187.628,-6.274097222,9.205,5.644,7.156137265,100.651,20.858,7.979234318,,,,,,,,,,,,,,,,,,,,,,
12,2008EC85 ,21-09-2012,2-29-37,330.5976296,-11.68050283,3.76712595,113.0997488,0.63248304,21.19937565,16.98907472,0.633132903,ESO-VST/OMEGACAM,OCAM_r_SDSS,45,330.5975,-11.68047222,2.257,1.488,3.716201835,92.592,20.972,21.23407211,,,,,,,,,,,,,,,,,,,,,,
13,2013LH25 ,26-09-2012,01-01-1958,6.231231876,-33.97992995,3.47396196,135.281065,0.31926132,21.3843677,9.244040644,0.628834005,ESO-VST/OMEGACAM,OCAM_i_SDSS,240,6.231291667,-33.97991667,1.515,0.701,3.720236048,91.518,21.361,8.819946299,,,,,,,,,,,,,,,,,,,,,,
14,2013TN4  ,08-10-2013,0-46-22,353.0373184,-23.36564372,8.5493919,28.97527784,0.65191371,20.73396432,9.272472736,0.784708743,ESO-VST/OMEGACAM,OCAM_r_SDSS,45,353.0371042,-23.365625,1.592,1.486,9.303380608,91.609,20.407,11.51533857,,,,,,,,,,,,,,,,,,,,,,
15,2013UK5  ,09-10-2013,2-59-40,4.755333425,-14.61042373,3.48621672,162.3417096,0.37935744,20.31391538,5.880327258,1.143269478,ESO-VST/OMEGACAM,OCAM_i_SDSS,45,4.748,-14.61247222,105.519,41.893,3.395606369,162.699,19.937,8.542940422,,,,,,,,,,,,,,,,,,,,,,
16,2013UK5  ,09-10-2013,03-01-2010,4.757138124,-14.60996901,3.23944761,163.1850462,1.84668036,20.65484717,5.397139354,0.979258121,ESO-VST/OMEGACAM,OCAM_i_SDSS,45,4.749833333,-14.61202778,105.505,41.887,3.395606369,162.713,19.937,9.973757506,,,,,,,,,,,,,,,,,,,,,,
17,2013UU1  ,09-10-2013,3-46-27,359.2264455,-17.87660443,3.55780698,174.1544951,0.54283131,20.79072478,18.12004645,0.915784752,ESO-VST/OMEGACAM,OCAM_r_SDSS,45,359.2263958,-17.87670833,4.887,3.795,3.151607902,95.711,20.082,39.29183539,,,,,,,,,,,,,,,,,,,,,,
18,2013ES11 ,18-02-2013,7-22-02,180.8381541,1.803403747,3.20543349,14.87845343,1.40853762,21.71807246,36.58213506,0.606157109,ESO-VST/OMEGACAM,OCAM_r_SDSS,360,180.8381042,1.803361111,2.668,0.928,3.250021,92.802,21.751,35.00269152,,,,,,,,,,,,,,,,,,,,,,
19,2013ES11 ,18-02-2013,7-28-46,180.8390377,1.802048337,3.28087977,10.31112037,0.33299091,21.71839175,35.11701625,0.616744637,ESO-VST/OMEGACAM,OCAM_r_SDSS,360,180.8391042,1.803111111,2.669,0.928,3.250021,92.803,21.75,34.43350733,,,,,,,,,,,,,,,,,,,,,,
20,2013ES11 ,18-02-2013,7-42-14,180.8431733,1.802665045,2.94907305,15.74310404,0.51231243,21.69787844,41.66038952,0.589399514,ESO-VST/OMEGACAM,OCAM_r_SDSS,360,180.8410833,1.802638889,2.671,0.927,3.395606369,92.805,21.749,34.51799626,,,,,,,,,,,,,,,,,,,,,,
21,2013HO   ,03-04-2013,2-22-16,169.9582427,-63.24248519,4.90845705,117.6035982,0.49856205,21.11142394,8.794630663,1.357161621,ESO-VST/OMEGACAM,OCAM_g_SDSS,40,169.9604792,-63.24043056,9.345,16.297,6.068999497,108.454,20.887,8.7461431,,,,,,,,,,,,,,,,,,,,,,
22,2013HO   ,03-04-2013,2-35-59,169.98427,-63.22016966,2.99861289,116.8842496,0.42549297,20.19408851,25.60907677,0.992748016,ESO-VST/OMEGACAM,OCAM_r_SDSS,25,169.9866042,-63.21808333,9.362,16.307,3.725943704,108.474,20.445,16.35746085,,,,,,,,,,,,,,,,,,,,,,
23,2013EK28 ,20-05-2013,7-00-05,229.9681414,0.985524678,3.7651488,53.09576969,0.66119676,22.39768851,11.47725064,0.879578473,ESO-VST/OMEGACAM,OCAM_g_SDSS,180,229.968125,0.985472222,1.071,1.018,3.687838783,91.071,22.096,15.47126975,,,,,,,,,,,,,,,,,,,,,,
24,2013EK28 ,20-05-2013,07-03-1949,229.9689349,0.98451423,4.2448959,52.4168147,1.44651549,22.12683361,12.46258939,0.92206435,ESO-VST/OMEGACAM,OCAM_g_SDSS,180,229.9689583,0.984486111,1.072,1.019,3.764327045,91.072,22.096,14.45852027,,,,,,,,,,,,,,,,,,,,,,
25,2013EK28 ,20-05-2013,07-07-1934,229.9697899,0.983566794,3.58655031,51.43230133,0.69638709,22.40283578,9.868242589,1.068855383,ESO-VST/OMEGACAM,OCAM_g_SDSS,180,229.9697917,0.9835,1.072,1.019,3.687838783,91.072,22.097,12.71983863,,,,,,,,,,,,,,,,,,,,,,
26,2015VD66 ,27-06-2013,1-39-18,186.7920806,1.999857869,8.98921338,66.42677871,0.4656603,22.08983839,6.283707175,0.893505069,ESO-VST/OMEGACAM,OCAM_g_SDSS,180,186.7922083,1.999625,1.055,1.614,9.352026133,91.917,21.434,11.05015188,,,,,,,,,,,,,,,,,,,,,,
27,2014AJ51 ,06-01-2014,6-57-33,157.2473214,-12.07075218,13.59560013,131.3077746,0.74692128,20.37979879,4.253934085,1.490446371,ESO-VST/OMEGACAM,OCAM_r_SDSS,45,157.2461458,-12.07186111,7.642,7.845,8.875971653,100.69,20.36,6.635807481,,,,,,,,,,,,,,,,,,,,,,
28,2014FS37 ,15-03-2014,3-35-53,192.8014306,-14.39238824,4.23695433,178.6342405,0.34880391,20.28190855,7.585452019,0.751055397,ESO-VST/OMEGACAM,OCAM_i_SDSS,45,192.8016875,-14.39218056,4.467,4.174,3.486064603,95.774,20.455,7.860783847,,,,,,,,,,,,,,,,,,,,,,
29,2014GT34 ,27-03-2014,08-11-2025,215.838979,-9.945056992,6.62886924,144.9102136,1.6538067,18.72169425,47.72145742,1.254856779,ESO-VST/OMEGACAM,OCAM_r_SDSS,45,215.8394167,-9.945333333,5.212,2.551,6.963497143,95.266,18.777,43.17225739,,,,,,,,,,,,,,,,,,,,,,
30,2014HT190,21-04-2014,2-49-55,212.6020565,-1.892818821,5.79304593,84.87424355,0.46887582,22.8985166,4.298266041,0.962416588,ESO-VST/OMEGACAM,OCAM_g_SDSS,180,212.6012708,-1.892930556,3.378,5.751,3.751354096,95.882,23.669,3.264534599,,,,,,,,,,,,,,,,,,,,,,
31,2014HQ178,22-04-2014,02-12-2000,181.6841927,2.586355613,8.0698422,81.57297532,0.38461395,21.74272726,16.86961124,0.510398023,ESO-VST/OMEGACAM,OCAM_r_SDSS,360,181.6843958,2.583986111,5.816,10.187,8.211750416,100.225,21.01,32.55565145,,,,,,,,,,,,,,,,,,,,,,
32,2014HQ178,22-04-2014,2-18-44,181.6846247,2.583836234,8.1168234,79.71498778,0.42740859,21.7600723,12.08666323,0.697025341,ESO-VST/OMEGACAM,OCAM_r_SDSS,360,181.6848125,2.581458333,5.803,10.175,8.211750416,100.213,21.011,23.81698627,,,,,,,,,,,,,,,,,,,,,,
33,2014HQ178,22-04-2014,2-57-04,181.6870179,2.569385032,8.15347008,82.30240789,0.85941975,21.78431469,12.78954121,0.641278504,ESO-VST/OMEGACAM,OCAM_r_SDSS,360,181.6871875,2.567013889,5.728,10.104,8.211750416,100.145,21.012,25.86358312,,,,,,,,,,,,,,,,,,,,,,
34,2014HQ178,22-04-2014,03-03-1948,181.6874329,2.566792215,8.14838115,81.6343391,0.45063669,21.92404771,11.47510058,0.628815279,ESO-VST/OMEGACAM,OCAM_r_SDSS,360,181.6876458,2.564472222,5.715,10.092,8.310406069,100.133,21.013,26.03908812,,,,,,,,,,,,,,,,,,,,,,
35,2014HB199,09-05-2014,2-17-59,230.1892555,-24.37245179,16.0753992,112.8563563,0.8304072,21.10764642,10.46931014,0.523982286,ESO-VST/OMEGACAM,OCAM_r_SDSS,180,230.1894792,-24.37193056,5.309,7.801,13.31213954,99.165,20.787,16.98600413,,,,,,,,,,,,,,,,,,,,,,
36,2014HB199,09-05-2014,2-21-44,230.1911349,-24.36832384,9.98051838,115.2736653,0.2647701,21.12976186,11.0300355,0.784910706,ESO-VST/OMEGACAM,OCAM_r_SDSS,180,230.1914167,-24.36773611,5.327,7.813,13.25030402,99.184,20.786,11.4027499,,,,,,,,,,,,,,,,,,,,,,
37,2010MP1  ,18-07-2014,5-19-24,286.8936572,-60.11449845,2.9936928,157.8034255,1.52085003,19.82681544,23.34391914,0.570026623,ESO-VST/OMEGACAM,OCAM_i_SDSS,53,286.8948542,-60.11470833,5.301,2.177,5.326605271,95.472,20.235,9.008622241,,,,,,,,,,,,,,,,,,,,,,
38,2014OU344,22-07-2014,8-56-40,350.989105,-17.33263849,4.67984265,168.9301513,1.17886944,21.13301616,14.95548401,0.917446117,ESO-VST/OMEGACAM,OCAM_g_SDSS,50,350.9886875,-17.33279167,2.1,1.092,5.460103417,92.1,21.182,12.25290282,,,,,,,,,,,,,,,,,,,,,,
39,2014OU344,22-07-2014,8-58-15,350.9858651,-17.3333974,4.57772742,168.2772659,1.37192097,21.1315997,14.88251696,0.943740425,ESO-VST/OMEGACAM,OCAM_g_SDSS,50,350.9859375,-17.33356944,2.1,1.092,5.460103417,92.1,21.182,11.91151487,,,,,,,,,,,,,,,,,,,,,,
40,2017OU18 ,22-07-2014,7-33-32,326.258938,-15.62511856,7.21891737,27.24271076,2.87626038,21.46884189,5.441971409,1.199647549,ESO-VST/OMEGACAM,OCAM_g_SDSS,50,326.2591458,-15.62531944,2.558,1.234,8.320627949,92.827,21.042,6.995360101,,,,,,,,,,,,,,,,,,,,,,
41,2017OU18 ,22-07-2014,7-35-07,326.255134,-15.62305767,8.79530925,32.698243,1.66617948,21.04508603,5.568242073,1.421723432,ESO-VST/OMEGACAM,OCAM_g_SDSS,50,326.2552708,-15.62323611,2.558,1.234,8.320627949,92.826,21.042,5.902671652,,,,,,,,,,,,,,,,,,,,,,
42,2014QE434,21-08-2014,7-56-37,17.53454912,-17.58715378,9.48699066,32.51300575,0.36866235,19.98200452,13.25033636,1.474557013,ESO-VST/OMEGACAM,OCAM_g_SDSS,50,17.51891667,-17.61673611,150.901,73.814,11.49480242,102.095,18.787,32.87429646,,,,,,,,,,,,,,,,,,,,,,
43,2014QE434,21-08-2014,7-58-12,17.53698857,-17.61554857,9.41006682,34.89605181,0.45756333,19.98268278,12.48320453,1.576982402,ESO-VST/OMEGACAM,OCAM_g_SDSS,50,17.5243125,-17.61951389,150.808,73.773,11.62811199,102.196,18.788,30.35872204,,,,,,,,,,,,,,,,,,,,,,
44,2019BP1  ,03-08-2014,9-44-17,34.78778201,-32.83343752,4.91191806,170.1417279,0.35203014,21.95017371,15.48342114,0.754714128,ESO-VST/OMEGACAM,OCAM_g_SDSS,180,34.78752083,-32.83376389,7.547,16.454,6.215525807,108.009,21.967,12.04789345,,,,,,,,,,,,,,,,,,,,,,
45,2019BP1  ,03-08-2014,9-55-30,34.79403251,-32.83250046,4.9945518,172.433158,2.54264094,21.8718189,16.91640074,0.73019349,ESO-VST/OMEGACAM,OCAM_g_SDSS,180,34.79379167,-32.83281944,7.547,16.457,6.067145525,108.011,21.967,12.75701713,,,,,,,,,,,,,,,,,,,,,,
46,2019BP1  ,03-08-2014,9-59-14,34.79615975,-32.832178,4.86998211,168.4504711,0.4951107,21.8677097,17.39197598,0.731155637,ESO-VST/OMEGACAM,OCAM_g_SDSS,180,34.795875,-32.83251389,7.546,16.457,6.067145525,108.012,21.967,12.74022985,,,,,,,,,,,,,,,,,,,,,,
47,2017YL6  ,21-01-2015,3-38-54,110.8489354,-19.20058047,6.48479538,123.8521613,1.13348718,21.08506471,9.463341619,0.978131103,ESO-VST/OMEGACAM,OCAM_g_SDSS,40,110.8487917,-19.20048611,1.06,1.031,6.573452372,91.211,20.688,13.45781473,,,,,,,,,,,,,,,,,,,,,,
48,2017YL6  ,21-01-2015,3-52-43,110.828183,-19.23190544,3.8459904,123.1984164,0.30961224,20.39823775,22.09631107,0.743302658,ESO-VST/OMEGACAM,OCAM_r_SDSS,25,110.8281042,-19.23172222,1.06,1.031,4.077091026,91.211,20.249,23.91524869,,,,,,,,,,,,,,,,,,,,,,
49,2014UB176,30-01-2015,01-01-2028,52.98358578,-28.4257692,8.6942373,174.5997979,0.4494735,21.5416655,15.7168303,0.611937899,ESO-VST/OMEGACAM,OCAM_r_SDSS,360,52.97845833,-28.40997222,101.037,71.556,9.806141538,147.478,22.765,4.516119509,,,,,,,,,,,,,,,,,,,,,,
50,2016AE65 ,30-12-2015,2-18-54,40.42731697,23.60961231,3.86845704,24.74845359,0.99960819,19.87466653,19.27825748,1.73530805,ESO-VST/OMEGACAM,OCAM_r_SDSS,40,40.41304167,23.60866667,62.488,25.714,4.3829424,156.496,19.749,19.10330394,,,,,,,,,,,,,,,,,,,,,,
51,2016AE65 ,30-12-2015,2-20-19,40.42440784,23.60847734,3.8758692,34.84551693,0.5743038,19.98920216,16.96444141,1.771165762,ESO-VST/OMEGACAM,OCAM_r_SDSS,40,40.415375,23.6075,62.465,25.704,4.3829424,156.472,19.749,18.71655258,,,,,,,,,,,,,,,,,,,,,,
52,2015HO10 ,23-04-2015,06-10-2007,198.2056897,-17.70880979,4.29788751,96.80901171,1.32646353,23.37434706,4.504784422,0.728973099,ESO-VST/OMEGACAM,OCAM_g_SDSS,150,198.2056875,-17.70898611,1.137,5.808,4.323503393,95.821,22.949,6.625736869,,,,,,,,,,,,,,,,,,,,,,
53,2015HO10 ,23-04-2015,6-38-16,198.204389,-17.72207691,4.68511323,88.62769006,0.51832389,23.26390594,4.182806269,0.797313581,ESO-VST/OMEGACAM,OCAM_g_SDSS,150,198.2043542,-17.72231944,1.074,5.88,4.323503393,95.883,22.95,6.052245341,,,,,,,,,,,,,,,,,,,,,,
54,2015HO10 ,23-04-2015,7-25-07,198.2023414,-17.74422271,4.6495806,95.14388177,0.28878927,23.57248693,2.672093526,0.946496851,ESO-VST/OMEGACAM,OCAM_g_SDSS,150,198.2023333,-17.74443056,1.054,5.986,4.310473412,95.986,22.952,5.104313648,,,,,,,,,,,,,,,,,,,,,,
55,2015JW   ,24-05-2015,5-53-46,251.8229665,-26.55970504,15.97882419,17.52093478,0.48027273,19.10988279,9.492765584,2.113506989,ESO-VST/OMEGACAM,OCAM_r_SDSS,60,251.8235,-26.56,1.044,0.698,13.20039978,91.047,19.519,7.883231812,,,,,,,,,,,,,,,,,,,,,,
56,2016AW65 ,19-07-2015,03-05-2023,237.145533,1.4908944,9.77373873,114.4762226,0.67098318,21.96034217,7.832659656,0.742785049,ESO-VST/OMEGACAM,OCAM_g_SDSS,180,237.1393125,1.490847222,322.884,37.644,10.08627402,125.061,21.781,8.953173323,,,,,,,,,,,,,,,,,,,,,,
57,2016AW65 ,19-07-2015,03-09-2008,237.1440245,1.487714494,10.18366272,115.4069353,0.7156695,21.82943343,8.159644993,0.772007218,ESO-VST/OMEGACAM,OCAM_g_SDSS,180,237.1378125,1.487708333,322.868,37.653,10.08627402,125.076,21.781,8.614276049,,,,,,,,,,,,,,,,,,,,,,
58,2015RX2  ,03-07-2015,6-30-48,250.3343494,-48.96606168,3.97583571,132.31767,0.4218081,20.51235703,39.92953668,1.240834518,ESO-VST/OMEGACAM,OCAM_r_SDSS,300,250.3401875,-48.96438889,46.494,27.894,4.490288253,143.264,20.051,54.07460114,,,,,,,,,,,,,,,,,,,,,,
59,2015RX2  ,03-07-2015,7-37-43,250.3468225,-48.95395924,3.38073603,124.8037869,0.40951176,20.75748878,49.19281511,0.94508513,ESO-VST/OMEGACAM,OCAM_r_SDSS,300,250.3526458,-48.95231944,46.485,27.892,4.774170139,143.255,20.05,66.83631074,,,,,,,,,,,,,,,,,,,,,,
60,2015RB2  ,14-08-2015,0-21-07,226.5949312,-0.563583658,12.50951604,23.26489398,0.64019151,22.56304355,3.142820968,0.83021855,ESO-VST/OMEGACAM,OCAM_g_SDSS,180,226.5942917,-0.563166667,23.214,12.035,19.31322892,116.062,22.029,3.329071751,,,,,,,,,,,,,,,,,,,,,,
61,2016AX64 ,04-01-2016,05-12-1954,118.6912202,-24.09519031,17.91038802,114.7096456,0.28104678,21.02256709,5.408430965,0.656387988,ESO-VST/OMEGACAM,OCAM_g_SDSS,40,118.6899792,-24.09741667,4.15,8.341,19.20789699,99.197,20.758,6.434632963,,,,,,,,,,,,,,,,,,,,,,
62,2016UA41 ,17-10-2016,4-34-12,30.35201857,-34.92297651,9.88480836,73.4007064,0.63583086,19.33104127,5.921309233,0.933451748,ESO-VST/OMEGACAM,OCAM_i_SDSS,40,30.35220833,-34.92306944,2.373,9.581,9.868151522,99.682,18.968,8.286432949,,,,,,,,,,,,,,,,,,,,,,
63,2016UA41 ,17-10-2016,4-35-37,30.35008479,-34.91731571,9.66279384,72.10118083,0.68179881,19.396516,5.966946596,0.892140211,ESO-VST/OMEGACAM,OCAM_i_SDSS,40,30.35027083,-34.91754167,2.372,9.579,9.819007709,99.68,18.968,8.713539259,,,,,,,,,,,,,,,,,,,,,,
64,2016UA41 ,17-10-2016,4-38-29,30.34623457,-34.9062525,9.87571704,75.08308238,0.51324399,18.93815772,9.414896379,0.843814745,ESO-VST/OMEGACAM,OCAM_i_SDSS,40,30.346375,-34.90636111,2.371,9.576,9.962450423,99.677,18.968,9.079919774,,,,,,,,,,,,,,,,,,,,,,
65,2016UA41 ,17-10-2016,4-39-54,30.3442793,-34.90073043,9.44973141,73.52337667,0.51938985,19.26824088,6.837654998,0.895924426,ESO-VST/OMEGACAM,OCAM_i_SDSS,40,30.34445833,-34.90083333,2.37,9.574,9.962450423,99.675,18.968,8.551804107,,,,,,,,,,,,,,,,,,,,,,
66,2005UG1  ,04-11-2016,0-52-15,8.007360306,-29.0612285,17.14859643,58.60510267,2.65213536,21.3626163,5.399475218,1.06498466,ESO-VST/OMEGACAM,OCAM_g_SDSS,180,8.007333333,-29.06108333,1.071,1.998,17.82163709,92.21,21.364,5.188950984,,,,,,,,,,,,,,,,,,,,,,
67,2005UG1  ,04-11-2016,0-56-00,8.010841476,-29.06599492,16.572654,58.55227596,0.58967328,21.34345909,4.110282463,1.473406692,ESO-VST/OMEGACAM,OCAM_g_SDSS,180,8.010958333,-29.06608333,1.071,1.999,17.82163709,92.211,21.365,3.747143132,,,,,,,,,,,,,,,,,,,,,,
68,2005UG1  ,04-11-2016,01-03-1930,8.018414565,-29.07635844,16.47322005,57.82668221,0.66963477,21.82051845,3.487891751,1.125696005,ESO-VST/OMEGACAM,OCAM_g_SDSS,180,8.0181875,-29.07611111,1.071,1.999,17.73367545,92.211,21.365,4.928907159,,,,,,,,,,,,,,,,,,,,,,
69,2005UG1  ,04-11-2016,01-07-2015,8.022241956,-29.08165799,13.5737763,58.68273845,0.61961886,21.78346109,4.083445485,1.207419319,ESO-VST/OMEGACAM,OCAM_g_SDSS,180,8.0218125,-29.08111111,1.072,2,17.73367545,92.212,21.365,4.595297601,,,,,,,,,,,,,,,,,,,,,,
70,2019RA1  ,14-02-2016,8-43-18,202.0947121,-0.336717832,21.37669737,109.0208821,1.67061258,21.50450051,8.366368122,0.483829364,ESO-VST/OMEGACAM,OCAM_r_SDSS,360,201.8276458,-0.108375,3203.506,8479.733,20.92351258,154.675,21.114,12.24739212,,,,,,,,,,,,,,,,,,,,,,
71,2016TS92 ,18-03-2016,01-04-1942,159.1244676,-27.72151306,6.33243576,174.8337938,0.36106938,22.27418744,5.966622355,1.028975563,ESO-VST/OMEGACAM,OCAM_r_SDSS,300,159.1242083,-27.72143056,3.113,1.388,7.200715411,93.362,21.556,10.1671666,,,,,,,,,,,,,,,,,,,,,,
72,2016TS92 ,18-03-2016,1-16-11,159.1201303,-27.72154599,17.19200028,361.4310591,1.06963626,20.99844154,6.301682252,1.162036724,ESO-VST/OMEGACAM,OCAM_r_SDSS,300,159.1195417,-27.72145833,3.113,1.388,7.200715411,93.362,21.556,9.002956415,,,,,,,,,,,,,,,,,,,,,,
73,2016TS92 ,18-03-2016,1-27-39,159.1146671,-27.72156555,8.37875451,361.5547607,0.41654907,21.99079183,5.447794308,1.105764085,ESO-VST/OMEGACAM,OCAM_r_SDSS,300,159.1148958,-27.72151389,3.113,1.388,7.350701241,93.362,21.556,9.268071383,,,,,,,,,,,,,,,,,,,,,,
74,2016TS92 ,18-03-2016,4-34-36,159.0388946,-27.7216834,6.82645803,362.4518407,1.55719557,21.68034415,2.67051072,0.942969405,ESO-VST/OMEGACAM,OCAM_i_SDSS,300,159.0387292,-27.72163889,3.114,1.391,7.350021,93.364,21.443,3.08631372,,,,,,,,,,,,,,,,,,,,,,
75,2016TS92 ,18-03-2016,4-46-05,159.0341565,-27.72161047,6.39101757,177.3209463,0.48155184,21.31715424,4.362676608,0.861470243,ESO-VST/OMEGACAM,OCAM_i_SDSS,300,159.0340625,-27.72161111,3.114,1.392,7.350021,93.364,21.443,3.378293605,,,,,,,,,,,,,,,,,,,,,,
76,2016EL156,06-03-2016,8-24-28,222.1360372,-8.626778545,24.77516895,85.02716598,0.89691336,20.78016458,3.128565399,1.146544885,ESO-VST/OMEGACAM,OCAM_g_SDSS,50,222.1357708,-8.621388889,13.297,120.537,23.90613946,149.17,19.829,7.786075768,,,,,,,,,,,,,,,,,,,,,,
77,2016GD1  ,07-03-2016,7-35-41,197.822889,0.13350754,4.95543237,53.06746558,0.36228423,22.26252363,12.36683167,0.702458303,ESO-VST/OMEGACAM,OCAM_r_SDSS,360,197.8225833,0.133402778,2.439,1.653,4.74343749,92.771,22.236,13.23909185,,,,,,,,,,,,,,,,,,,,,,
78,2016GD1  ,07-03-2016,7-42-25,197.8237198,0.132349012,4.73067714,57.12727263,0.466452,22.22326637,11.51842901,0.819118806,ESO-VST/OMEGACAM,OCAM_r_SDSS,360,197.8234583,0.132194444,2.439,1.653,4.661565808,92.771,22.236,11.55295932,,,,,,,,,,,,,,,,,,,,,,
79,2016GD1  ,07-03-2016,7-49-09,197.8246293,0.13111293,4.9912086,54.4382671,0.50308272,22.02559477,11.37917453,0.942791407,ESO-VST/OMEGACAM,OCAM_r_SDSS,360,197.8242917,0.131,2.438,1.652,4.661565808,92.77,22.236,10.03747613,,,,,,,,,,,,,,,,,,,,,,
80,2016GD1  ,07-03-2016,7-55-53,197.8254484,0.129855073,4.01019087,58.37345583,0.50625351,22.32112766,9.980715977,1.019042272,ESO-VST/OMEGACAM,OCAM_r_SDSS,360,197.8251667,0.129805556,2.438,1.652,4.661565808,92.77,22.235,9.294968911,,,,,,,,,,,,,,,,,,,,,,
81,2016GD1  ,07-03-2016,08-02-1938,197.8263477,0.128742472,4.8045123,56.95326534,0.69662775,22.34691192,7.447856958,1.113075441,ESO-VST/OMEGACAM,OCAM_r_SDSS,360,197.8260208,0.128611111,2.438,1.652,4.750021,92.769,22.235,8.351255948,,,,,,,,,,,,,,,,,,,,,,
82,2009WF106,23-06-2016,08-11-2018,351.7100848,-55.80764148,4.21327599,113.3858266,0.33854499,22.41683463,2.329187729,0.795081685,ESO-VST/OMEGACAM,OCAM_i_SDSS,240,351.7102292,-55.80756944,1.497,1.01,7.289225346,91.699,21.494,3.149764832,,,,,,,,,,,,,,,,,,,,,,
83,2009WF106,23-06-2016,8-25-32,351.7085515,-55.81481126,5.58218178,101.1449844,0.84981624,22.30228542,1.933887881,0.80319421,ESO-VST/OMEGACAM,OCAM_i_SDSS,240,351.708625,-55.81459722,1.497,1.01,7.256742023,91.699,21.494,3.131908084,,,,,,,,,,,,,,,,,,,,,,
84,2009WF106,23-06-2016,8-35-03,351.7075363,-55.81951274,7.41445971,91.18457152,0.3985296,21.2378491,4.063857871,0.767029988,ESO-VST/OMEGACAM,OCAM_i_SDSS,240,351.7075625,-55.81926389,1.497,1.01,7.289225346,91.699,21.494,3.264957521,,,,,,,,,,,,,,,,,,,,,,
85,2017FP101,12-09-2016,8-55-41,4.582323699,-29.51096507,5.01758964,6.15138948,0.81741849,21.96543122,9.92032352,1.137042086,ESO-VST/OMEGACAM,OCAM_g_SDSS,180,4.5750625,-29.51481944,83.228,45.258,6.170312727,175.562,21.921,8.404033342,,,,,,,,,,,,,,,,,,,,,,
86,2017FP101,12-09-2016,09-03-2010,4.578323545,-29.51069247,5.00958675,4.936317884,1.52690874,21.81351804,13.23799477,0.981609343,ESO-VST/OMEGACAM,OCAM_g_SDSS,180,4.5708125,-29.51445833,83.24,45.255,6.170312727,175.553,21.921,9.734768395,,,,,,,,,,,,,,,,,,,,,,
87,2016RA1  ,30-09-2016,5-14-03,31.72742145,-32.64957422,4.09262826,47.23383849,0.68454498,21.83742227,14.77804167,1.052887353,ESO-VST/OMEGACAM,OCAM_g_SDSS,180,31.72997917,-32.65040278,5.661,4.751,4.253548947,97.184,23.42,3.310082395,,,,,,,,,,,,,,,,,,,,,,
88,2016RA1  ,30-09-2016,5-17-47,31.72743787,-32.64949299,4.31248797,42.44356755,0.59908149,21.65428396,16.4874064,1.060171638,ESO-VST/OMEGACAM,OCAM_g_SDSS,180,31.73141667,-32.65084722,5.668,4.752,4.396610587,97.19,23.42,3.180371812,,,,,,,,,,,,,,,,,,,,,,
89,2017UE6  ,16-11-2017,3-15-42,24.33508748,-32.42496285,9.56251716,114.8771212,0.39521979,22.75506152,3.10821716,0.920156746,ESO-VST/OMEGACAM,OCAM_g_SDSS,180,24.33883333,-32.41459722,36.512,124.898,8.681610716,140.296,22.718,3.542492443,,,,,,,,,,,,,,,,,,,,,,
90,2017YF1  ,29-11-2017,4-50-12,100.2811967,9.480438301,7.15107351,96.89186141,2.02126554,20.78241431,20.20587313,0.950845134,ESO-VST/OMEGACAM,OCAM_g_SDSS,120,100.281375,9.48025,4.105,3.404,6.708224932,94.659,20.259,34.88255836,,,,,,,,,,,,,,,,,,,,,,
91,2017YF1  ,29-11-2017,4-52-57,100.2816461,9.482887547,5.80739754,97.9549846,2.08215924,20.64451628,27.59491989,0.973435475,ESO-VST/OMEGACAM,OCAM_g_SDSS,120,100.281875,9.482791667,4.105,3.404,6.80663543,94.659,20.258,33.61135769,,,,,,,,,,,,,,,,,,,,,,
92,2018GZ3  ,17-12-2017,1-53-07,24.50249466,-31.81199793,6.50325291,82.88854371,0.3999954,21.61961323,16.48419526,0.725982777,ESO-VST/OMEGACAM,OCAM_r_SDSS,360,24.50245833,-31.81193056,8.792,2.769,6.760198512,99.203,21.604,16.08738986,,,,,,,,,,,,,,,,,,,,,,
93,2018GZ3  ,17-12-2017,1-59-52,24.50282142,-31.81400243,6.4941954,82.25296163,0.32823084,21.78714743,14.61397392,0.702776695,ESO-VST/OMEGACAM,OCAM_r_SDSS,360,24.50275,-31.81401389,8.791,2.769,6.760198512,99.203,21.604,16.61860454,,,,,,,,,,,,,,,,,,,,,,
94,2018GZ3  ,17-12-2017,02-06-1937,24.50319183,-31.81993271,6.34027359,82.82465892,0.85130682,21.71402499,16.56528454,0.679286696,ESO-VST/OMEGACAM,OCAM_r_SDSS,360,24.5030625,-31.81608333,8.79,2.769,6.683021823,99.202,21.605,17.37582289,,,,,,,,,,,,,,,,,,,,,,
95,2018GZ3  ,17-12-2017,2-13-21,24.50341813,-31.81824026,6.11974881,83.66364102,0.44467773,21.68805899,15.87175702,0.752294361,ESO-VST/OMEGACAM,OCAM_r_SDSS,360,24.50335417,-31.81816667,8.79,2.769,6.683021823,99.201,21.605,15.68955707,,,,,,,,,,,,,,,,,,,,,,
96,2018GZ3  ,17-12-2017,2-20-05,24.50370617,-31.8202693,6.39318141,84.46709974,0.31730874,21.69778059,14.63359156,0.774087068,ESO-VST/OMEGACAM,OCAM_r_SDSS,360,24.50364583,-31.82023611,8.789,2.77,6.781798053,99.2,21.605,15.02576815,,,,,,,,,,,,,,,,,,,,,,
97,2017BQ30 ,05-02-2017,6-56-29,158.8708197,2.890192509,7.27118532,170.0694779,0.44721642,22.27026844,3.52564884,1.667317709,ESO-VST/OMEGACAM,OCAM_g_SDSS,180,158.8707708,2.890208333,1.234,0.977,7.168877255,91.308,21.789,5.570597362,,,,,,,,,,,,,,,,,,,,,,
98,2017BQ30 ,05-02-2017,7-00-14,158.8682106,2.889703201,6.91990047,169.9929307,0.70504518,22.23353373,3.496248624,1.827487248,ESO-VST/OMEGACAM,OCAM_g_SDSS,180,158.8683333,2.889736111,1.234,0.978,7.021416873,91.308,21.789,5.189101786,,,,,,,,,,,,,,,,,,,,,,
99,2017BQ30 ,05-02-2017,07-04-2002,158.8658789,2.889215811,7.23446073,167.8430212,0.69796482,22.34860803,3.632505692,1.513262695,ESO-VST/OMEGACAM,OCAM_g_SDSS,180,158.8658958,2.889263889,1.234,0.978,7.168877255,91.307,21.789,6.137702106,,,,,,,,,,,,,,,,,,,,,,
100,2017BQ30 ,05-02-2017,07-07-1947,158.863387,2.888748745,6.91826793,170.6981845,0.31368099,22.59510049,5.325338351,0.860171844,ESO-VST/OMEGACAM,OCAM_g_SDSS,180,158.8634792,2.888791667,1.233,0.978,7.168877255,91.306,21.79,10.78785025,,,,,,,,,,,,,,,,,,,,,,
101,2017BQ30 ,05-02-2017,07-11-1932,158.8610456,2.888263432,7.38050061,168.6418963,0.51517011,22.57713411,4.853217005,0.899499298,ESO-VST/OMEGACAM,OCAM_g_SDSS,180,158.8610625,2.888319444,1.233,0.978,7.168877255,91.305,21.79,10.31618931,,,,,,,,,,,,,,,,,,,,,,
102,2017JQ1  ,30-04-2017,7-56-28,225.288787,-1.451481085,9.00792081,141.4204797,0.36582966,22.8614667,2.528292448,1.088758245,ESO-VST/OMEGACAM,OCAM_g_SDSS,180,225.2887292,-1.451527778,1.523,2.674,7.68002751,92.993,22.372,4.654542064,,,,,,,,,,,,,,,,,,,,,,
103,1997PN   ,28-05-2017,9-16-08,346.1926364,-27.7504519,4.84574454,129.6661359,0.76359843,22.19410984,7.859961572,1.203774479,ESO-VST/OMEGACAM,OCAM_g_SDSS,180,346.1927917,-27.7505,1.539,1.354,6.184679438,91.543,21.999,7.370707089,,,,,,,,,,,,,,,,,,,,,,
104,1997PN   ,28-05-2017,9-19-53,346.1940873,-27.74872888,5.14273578,127.2830326,0.4582935,22.51207569,6.084444101,1.093262899,ESO-VST/OMEGACAM,OCAM_g_SDSS,180,346.1941667,-27.74884722,1.539,1.354,6.107393594,91.543,21.999,8.218470076,,,,,,,,,,,,,,,,,,,,,,
105,1997PN   ,28-05-2017,9-23-38,346.1954446,-27.74710077,5.26955982,125.1525463,1.04622273,22.51446813,5.928842436,1.092542918,ESO-VST/OMEGACAM,OCAM_g_SDSS,180,346.1955,-27.74719444,1.539,1.354,6.184679438,91.543,21.999,8.121117207,,,,,,,,,,,,,,,,,,,,,,
106,1997PN   ,28-05-2017,9-27-22,346.1966842,-27.74550067,6.44532567,123.4987609,0.61438881,22.08572797,6.82417415,1.151817964,ESO-VST/OMEGACAM,OCAM_g_SDSS,180,346.196875,-27.74552778,1.539,1.354,6.184679438,91.543,21.999,7.703186933,,,,,,,,,,,,,,,,,,,,,,
107,1997PN   ,28-05-2017,9-31-07,346.1980214,-27.74380257,5.07949365,123.8406448,0.4273479,22.29146003,7.761231334,1.063248898,ESO-VST/OMEGACAM,OCAM_g_SDSS,180,346.1982083,-27.743875,1.539,1.354,6.107393594,91.543,21.999,8.450465772,,,,,,,,,,,,,,,,,,,,,,
108,2017JL3  ,13-07-2017,09-05-1941,33.67652971,-72.82865185,4.02857637,81.49436551,2.05048578,22.19314769,2.874580959,0.925635047,ESO-VST/OMEGACAM,OCAM_i_SDSS,300,33.676375,-72.82852778,1.491,1.845,3.014983686,92.207,21.942,4.840645509,,,,,,,,,,,,,,,,,,,,,,
109,2012YO1  ,03-07-2017,7-31-17,336.0265435,-34.27356075,10.97903877,46.45215217,2.03978796,22.27928514,6.437553679,0.599750703,ESO-VST/OMEGACAM,OCAM_r_SDSS,360,336.0266875,-34.27368056,1.743,0.883,10.65893746,91.931,22.37,6.099386871,,,,,,,,,,,,,,,,,,,,,,
110,2017MP8  ,09-07-2017,2-43-16,241.3403375,-22.36174222,4.59135075,68.8162419,0.3212643,21.57331295,10.81421481,0.667780503,ESO-VST/OMEGACAM,OCAM_g_SDSS,30,241.3413333,-22.36375,4.77,11.368,4.210721654,101.473,20.696,26.45490929,,,,,,,,,,,,,,,,,,,,,,
111,2017QA3  ,27-08-2017,1-41-54,330.9271055,-27.55188689,4.93812459,101.5573994,0.32338341,22.45338035,8.815863935,0.829451398,ESO-VST/OMEGACAM,OCAM_g_SDSS,180,330.9276458,-27.55083333,3.007,15.018,4.718336377,105.134,22.234,11.29255189,,,,,,,,,,,,,,,,,,,,,,
112,2017QA3  ,27-08-2017,1-49-22,330.9262844,-27.55525218,4.17492684,101.1098048,0.32344914,22.69103061,8.629476721,0.805238313,ESO-VST/OMEGACAM,OCAM_g_SDSS,180,330.9268333,-27.55406944,3.018,15.032,4.850794134,105.15,22.235,11.30406407,,,,,,,,,,,,,,,,,,,,,,
113,2017QA3  ,27-08-2017,1-53-07,330.9259172,-27.55675902,4.21453158,108.6522212,0.51539187,22.57643528,8.354487327,0.915644255,ESO-VST/OMEGACAM,OCAM_g_SDSS,180,330.9264167,-27.55568056,3.024,15.04,4.850794134,105.158,22.235,9.94105018,,,,,,,,,,,,,,,,,,,,,,
114,2017QA3  ,27-08-2017,1-56-51,330.925445,-27.55841793,4.33704789,103.973276,0.53801769,22.41760291,9.727262844,0.884593967,ESO-VST/OMEGACAM,OCAM_g_SDSS,180,330.9260208,-27.55730556,3.03,15.047,4.718336377,105.166,22.235,10.57886475,,,,,,,,,,,,,,,,,,,,,,
115,2017RO2  ,29-08-2017,7-26-03,12.64992999,-33.71403363,12.49153542,28.28652528,0.59259123,21.0170267,10.91307874,0.994480366,ESO-VST/OMEGACAM,OCAM_g_SDSS,180,12.64985417,-33.71394444,2.126,1.953,14.55551824,92.786,20.647,13.16881646,,,,,,,,,,,,,,,,,,,,,,
116,2017RO2  ,29-08-2017,7-33-31,12.64083259,-33.70999375,11.87944149,28.14890081,0.37646238,21.09928851,9.444088122,1.120207679,ESO-VST/OMEGACAM,OCAM_g_SDSS,180,12.64064583,-33.70993056,2.125,1.952,14.59565391,92.785,20.647,11.65865703,,,,,,,,,,,,,,,,,,,,,,
117,2017RO2  ,29-08-2017,7-37-16,12.63599829,-33.70793192,11.647125,28.19531039,0.47115453,21.01066283,10.07355068,1.162260723,ESO-VST/OMEGACAM,OCAM_g_SDSS,180,12.63602083,-33.70791667,2.125,1.952,14.55551824,92.785,20.647,11.26780692,,,,,,,,,,,,,,,,,,,,,,
118,2017RO2  ,29-08-2017,7-41-01,12.63153462,-33.70597229,13.16546448,25.7841321,0.40029066,21.07351487,8.654722652,1.129470043,ESO-VST/OMEGACAM,OCAM_g_SDSS,180,12.63139583,-33.70588889,2.124,1.952,14.55551824,92.784,20.646,11.60561719,,,,,,,,,,,,,,,,,,,,,,
119,2017UO6  ,06-09-2017,08-01-2010,42.58263376,-34.27942695,7.62653031,19.00884888,0.45399396,20.69551532,7.992531662,0.624816529,ESO-VST/OMEGACAM,OCAM_i_SDSS,240,42.58270833,-34.27930556,1.009,1.759,10.000021,91.937,20.679,6.188957411,,,,,,,,,,,,,,,,,,,,,,
120,2017UO6  ,06-09-2017,08-05-1954,42.57936667,-34.27840193,7.69799667,21.49502735,0.39749346,20.53911172,9.334048596,0.612177748,ESO-VST/OMEGACAM,OCAM_i_SDSS,240,42.5795625,-34.27838889,1.009,1.759,9.856110488,91.937,20.679,6.408963919,,,,,,,,,,,,,,,,,,,,,,
121,2017UO6  ,06-09-2017,08-10-1939,42.57618895,-34.27748845,7.68312594,17.56757355,0.25319847,20.71317573,8.010532917,0.608836035,ESO-VST/OMEGACAM,OCAM_i_SDSS,240,42.57641667,-34.27744444,1.009,1.759,10.000021,91.937,20.679,6.351402787,,,,,,,,,,,,,,,,,,,,,,
122,2017UO6  ,06-09-2017,8-15-23,42.5730009,-34.27661989,7.81399374,19.47174148,0.56513646,20.66905963,7.110396021,0.702391592,ESO-VST/OMEGACAM,OCAM_i_SDSS,240,42.57325,-34.27652778,1.009,1.759,10.000021,91.937,20.679,5.505423094,,,,,,,,,,,,,,,,,,,,,,
123,2017UO6  ,06-09-2017,8-20-07,42.56998979,-34.2757378,8.2180224,16.4916734,0.41614776,20.55416092,8.06369099,0.654642864,ESO-VST/OMEGACAM,OCAM_i_SDSS,240,42.57008333,-34.27559722,1.009,1.759,10.0284805,91.937,20.679,5.89021763,,,,,,,,,,,,,,,,,,,,,,
124,2018XZ4  ,10-12-2018,2-33-05,9.461706527,-30.3670048,71.48565186,138.5228228,0.40890969,18.97050167,2.743394706,0.951178792,ESO-VST/OMEGACAM,OCAM_i_SDSS,240,9.461625,-30.36711111,1.528,1.265,80.76022159,91.87,18.678,3.179145883,,,,,,,,,,,,,,,,,,,,,,
125,2019AP9  ,22-12-2018,2-19-49,26.96875187,-28.42400439,12.99068568,127.5243051,0.62141541,20.69207115,4.151177562,0.708497237,ESO-VST/OMEGACAM,OCAM_i_SDSS,240,26.96977083,-28.42211111,14.505,28.84,14.84934758,121.472,20.671,3.702755917,,,,,,,,,,,,,,,,,,,,,,
126,2018DR1  ,17-02-2018,2-13-54,144.6503967,15.82514704,4.80767448,176.4529527,0.29937579,22.03341716,3.386178648,1.333160982,ESO-VST/OMEGACAM,OCAM_r_SDSS,60,144.6507708,15.82506944,1.461,0.904,4.442148868,91.477,20.886,10.54437223,,,,,,,,,,,,,,,,,,,,,,
127,2018DR1  ,17-02-2018,2-17-23,144.6550032,15.82611592,3.57140427,164.9926708,0.59126508,21.552917,7.231115311,1.308227509,ESO-VST/OMEGACAM,OCAM_r_SDSS,60,144.6549792,15.82597222,1.459,0.904,4.463483781,91.474,20.886,10.69397549,,,,,,,,,,,,,,,,,,,,,,
128,2018DR1  ,17-02-2018,2-19-07,144.6571127,15.82658223,3.50431305,157.4341542,1.63445982,21.22745509,11.27101396,1.154373799,ESO-VST/OMEGACAM,OCAM_r_SDSS,60,144.6570625,15.82641667,1.458,0.903,4.463483781,91.473,20.886,12.11925715,,,,,,,,,,,,,,,,,,,,,,
129,2018DR1  ,17-02-2018,2-20-52,144.659192,15.82705448,3.32262861,162.6668632,0.57792651,21.46232973,9.034333712,1.223445305,ESO-VST/OMEGACAM,OCAM_r_SDSS,60,144.6591875,15.826875,1.457,0.903,4.442148869,91.471,20.886,11.48996656,,,,,,,,,,,,,,,,,,,,,,
130,2018DR1  ,17-02-2018,2-22-36,144.6613957,15.8275195,3.35916903,165.7777375,0.69123138,21.3560184,9.95469633,1.21123147,ESO-VST/OMEGACAM,OCAM_r_SDSS,60,144.6612708,15.82731944,1.455,0.903,4.442148869,91.47,20.885,11.61652355,,,,,,,,,,,,,,,,,,,,,,
131,2018DR1  ,17-02-2018,2-24-20,144.6633679,15.82789086,3.82065663,165.5671182,0.8894886,21.19265445,8.234667482,1.496402845,ESO-VST/OMEGACAM,OCAM_r_SDSS,60,144.6633542,15.82777778,1.454,0.903,4.463483781,91.469,20.885,9.357803816,,,,,,,,,,,,,,,,,,,,,,
132,2018DR1  ,17-02-2018,2-26-05,144.6654071,15.82834876,3.4467132,166.5567882,0.6256467,21.34412904,9.327408773,1.273727732,ESO-VST/OMEGACAM,OCAM_r_SDSS,60,144.6654792,15.82823611,1.453,0.902,4.442148869,91.467,20.885,11.04655143,,,,,,,,,,,,,,,,,,,,,,
133,2018DR1  ,17-02-2018,2-27-49,144.6675966,15.82884899,4.05119568,166.7447757,0.55463982,21.25706752,8.50792004,1.28724363,ESO-VST/OMEGACAM,OCAM_r_SDSS,60,144.6675625,15.82868056,1.452,0.902,4.442148869,91.466,20.885,10.93056402,,,,,,,,,,,,,,,,,,,,,,
134,2018DR1  ,17-02-2018,2-29-33,144.6696855,15.82931658,3.17374722,159.1813692,0.57087114,21.2901604,11.30128069,1.19985903,ESO-VST/OMEGACAM,OCAM_r_SDSS,60,144.6696458,15.829125,1.451,0.902,4.442148869,91.465,20.885,11.72662667,,,,,,,,,,,,,,,,,,,,,,
135,2018BM6  ,22-02-2018,7-52-58,219.3985873,-3.51194778,5.61354801,85.91576623,0.3554418,23.532747,3.638136052,0.654266717,ESO-VST/OMEGACAM,OCAM_r_SDSS,360,219.3996458,-3.512097222,41.597,50.118,5.701994343,154.9,23.439,3.904720871,,,,,,,,,,,,,,,,,,,,,,
136,2018BM6  ,22-02-2018,08-06-2027,219.3984643,-3.515422206,4.95860148,94.05927266,0.53592336,23.28328944,5.236181539,0.647560468,ESO-VST/OMEGACAM,OCAM_r_SDSS,360,219.3995208,-3.515680556,41.616,50.125,5.701994343,154.918,23.439,3.94515884,,,,,,,,,,,,,,,,,,,,,,
137,2009UW2  ,13-03-2018,6-17-58,168.8047713,-3.70657077,5.66618409,41.00578726,0.27411006,22.89996466,6.530140969,0.64680133,ESO-VST/OMEGACAM,OCAM_r_SDSS,360,168.8045625,-3.706513889,1.086,0.318,5.710756504,91.094,22.396,10.30640143,,,,,,,,,,,,,,,,,,,,,,
138,2009UW2  ,13-03-2018,6-31-27,168.8019389,-3.704151872,3.49594581,39.79570039,1.54951083,23.2883183,7.397022176,0.647174017,ESO-VST/OMEGACAM,OCAM_r_SDSS,360,168.8018958,-3.704194444,1.086,0.318,5.776049047,91.094,22.396,10.18402926,,,,,,,,,,,,,,,,,,,,,,
139,2015TP23 ,16-03-2018,5-21-59,194.9718074,-3.155807439,3.87137814,23.27062355,1.0829511,23.19879665,6.285723366,0.746845014,ESO-VST/OMEGACAM,OCAM_r_SDSS,360,194.9716042,-3.155875,1.095,0.906,3.686821781,91.144,23.306,5.979843905,,,,,,,,,,,,,,,,,,,,,,
140,2015TP23 ,16-03-2018,5-42-12,194.9685435,-3.154586598,3.38349207,31.15131425,1.27748187,23.66738524,4.726443044,0.738101888,ESO-VST/OMEGACAM,OCAM_r_SDSS,360,194.9684583,-3.154680556,1.095,0.906,3.54685057,91.144,23.306,6.289460119,,,,,,,,,,,,,,,,,,,,,,
141,2015TP23 ,16-03-2018,5-48-56,194.9674902,-3.154175027,3.42704334,17.43562137,1.23136314,23.40047043,6.494657335,0.678119124,ESO-VST/OMEGACAM,OCAM_r_SDSS,360,194.9673958,-3.154263889,1.096,0.906,3.686821781,91.144,23.306,6.585888009,,,,,,,,,,,,,,,,,,,,,,
142,2018SN   ,09-08-2018,9-25-41,35.55613371,-34.56500992,8.70160557,150.2431901,0.33426351,21.13594024,22.64254768,0.616693293,ESO-VST/OMEGACAM,OCAM_r_SDSS,360,35.55604167,-34.56497222,1.605,1.228,10.83376458,91.713,21.729,10.5322759,,,,,,,,,,,,,,,,,,,,,,
143,2019UB1  ,18-10-2019,06-12-1937,34.66617749,-6.449423745,13.61889417,175.6673901,0.59260824,19.11338784,20.23082803,1.004417728,ESO-VST/OMEGACAM,OCAM_r_SDSS,45,34.66652083,-6.449055556,2.019,1.655,13.98581737,92.108,19.117,19.63466251,,,,,,,,,,,,,,,,,,,,,,
144,2019UB1  ,18-10-2019,6-51-35,34.8671895,-6.434312963,10.47231213,176.1917038,0.37541553,19.38074875,5.956139963,0.836733978,ESO-VST/OMEGACAM,OCAM_i_SDSS,40,34.86714583,-6.434166667,1.946,1.664,12.49011708,91.974,19.011,7.020065998,,,,,,,,,,,,,,,,,,,,,,
145,2019UB1  ,18-10-2019,6-53-37,34.87760483,-6.433547943,12.19414098,175.1494936,0.84038493,18.98685502,7.392786516,0.83213348,ESO-VST/OMEGACAM,OCAM_i_SDSS,40,34.877625,-6.433375,1.943,1.665,12.33290387,91.968,19.011,7.148859741,,,,,,,,,,,,,,,,,,,,,,
146,2019UB1  ,18-10-2019,6-55-01,34.88486895,-6.432959522,12.31185039,174.3742244,0.59876376,19.33631144,4.927759899,0.896183485,ESO-VST/OMEGACAM,OCAM_i_SDSS,40,34.88485417,-6.432847222,1.941,1.666,12.48250873,91.964,19.011,6.558375742,,,,,,,,,,,,,,,,,,,,,,
147,2019DH1  ,22-02-2019,7-43-37,160.509864,1.532582747,8.00862216,169.4970732,0.44728047,21.12928256,5.695928913,0.559931134,ESO-VST/OMEGACAM,OCAM_i_SDSS,240,160.5101458,1.532347222,1.289,1,8.129750393,91.361,21.144,5.535531141,,,,,,,,,,,,,,,,,,,,,,
148,2019FA3  ,12-03-2019,09-02-2018,210.9550409,2.998485025,6.50742456,132.0212415,2.92444467,21.7229798,9.699412802,1.121046174,ESO-VST/OMEGACAM,OCAM_g_SDSS,180,210.943125,2.999069444,41.914,11.987,6.303194804,133.081,21.259,15.35278687,,,,,,,,,,,,,,,,,,,,,,
149,2019FA3  ,12-03-2019,09-06-2003,210.9451794,2.983891131,6.17972292,132.2410854,0.44054661,21.82166458,9.531717267,1.096892371,ESO-VST/OMEGACAM,OCAM_g_SDSS,180,210.9416667,2.997430556,41.905,11.984,6.303194804,133.071,21.259,15.6908585,,,,,,,,,,,,,,,,,,,,,,
150,2019FA3  ,12-03-2019,9-13-31,210.9532619,2.993609415,6.67770243,133.3134905,0.53315283,21.89918658,7.617064467,1.182716561,ESO-VST/OMEGACAM,OCAM_g_SDSS,180,210.9387917,2.994208333,41.886,11.977,6.303194804,133.051,21.259,14.55224653,,,,,,,,,,,,,,,,,,,,,,
151,2019FA3  ,12-03-2019,9-17-16,210.9572978,2.991974235,6.115347,131.8570318,0.50166186,21.97230069,8.792982822,1.04590538,ESO-VST/OMEGACAM,OCAM_g_SDSS,180,210.9373333,2.992569444,41.876,11.973,6.303194804,133.041,21.259,16.4557744,,,,,,,,,,,,,,,,,,,,,,
152,2019GU5  ,13-04-2019,7-29-46,212.2851707,-22.33371555,6.79123914,5.923753348,1.77291429,20.66018094,11.45073763,0.856189989,ESO-VST/OMEGACAM,OCAM_r_SDSS,45,212.2851875,-22.33366667,1.068,0.763,7.660471378,91.103,20.315,13.95084654,,,,,,,,,,,,,,,,,,,,,,
153,2013JZ28 ,14-04-2019,6-36-16,201.2626061,3.286203842,3.18626406,14.56624873,0.24732603,21.75159086,38.28567917,0.564957188,ESO-VST/OMEGACAM,OCAM_r_SDSS,360,201.23325,3.309569444,543.625,200.873,4.531025304,129.548,23.154,7.398777901,,,,,,,,,,,,,,,,,,,,,,
154,2020BW14 ,26-06-2019,08-05-1954,315.1527578,-45.02280391,3.76459902,117.9575715,0.81025728,21.51623871,11.09884289,1.931531665,ESO-VST/OMEGACAM,OCAM_r_SDSS,320,315.1526458,-45.02302778,2.974,1.256,3.412131784,93.204,21.307,14.84802833,,,,,,,,,,,,,,,,,,,,,,
155,2020BW14 ,26-06-2019,08-11-1959,315.1523224,-45.02379353,3.28344954,133.322638,0.47257749,21.84076593,9.285554512,1.963130551,ESO-VST/OMEGACAM,OCAM_r_SDSS,320,315.1520625,-45.02393056,2.974,1.256,3.494659751,93.204,21.307,14.26403096,,,,,,,,,,,,,,,,,,,,,,
156,2020BW14 ,26-06-2019,8-24-07,315.1514604,-45.0256002,3.95027955,126.7222986,2.66655627,21.33848164,13.53945146,1.777346842,ESO-VST/OMEGACAM,OCAM_r_SDSS,320,315.1508958,-45.02573611,2.974,1.256,3.494659751,93.204,21.306,15.76954882,,,,,,,,,,,,,,,,,,,,,,
157,2020BW14 ,26-06-2019,9-53-19,315.1426885,-45.0387676,3.16832838,120.2389175,0.72322047,21.886204,9.654165719,1.876580528,ESO-VST/OMEGACAM,OCAM_r_SDSS,320,315.142375,-45.03888889,2.976,1.256,3.328684395,93.205,21.304,15.70929363,,,,,,,,,,,,,,,,,,,,,,
158,2020BW14 ,26-06-2019,9-59-24,315.1422268,-45.03961676,3.3014478,112.0914004,1.42422063,21.78621504,10.86743227,1.754188872,ESO-VST/OMEGACAM,OCAM_r_SDSS,320,315.1417917,-45.03977778,2.976,1.256,3.328684395,93.206,21.304,16.80534804,,,,,,,,,,,,,,,,,,,,,,
159,2020BW14 ,27-06-2019,04-03-1949,315.0475697,-45.2022049,3.14555178,113.7203194,0.40743507,21.89032052,21.56629735,0.8429331,ESO-VST/OMEGACAM,OCAM_r_SDSS,320,315.0471042,-45.20240278,2.995,1.261,3.494659751,93.225,21.278,34.11916129,,,,,,,,,,,,,,,,,,,,,,
160,2020BW14 ,27-06-2019,04-09-1953,315.0469579,-45.20313352,3.0590133,116.2042633,0.63237489,21.82791258,23.00281522,0.860728839,ESO-VST/OMEGACAM,OCAM_r_SDSS,320,315.0465208,-45.20333333,2.995,1.261,3.578079133,93.225,21.278,32.63472794,,,,,,,,,,,,,,,,,,,,,,
161,2020BW14 ,27-06-2019,4-15-57,315.046325,-45.20405711,2.9792322,116.7040544,0.42002583,21.88362149,21.42292925,0.901492134,ESO-VST/OMEGACAM,OCAM_r_SDSS,320,315.0458958,-45.20427778,2.996,1.261,3.578079133,93.225,21.278,31.15906444,,,,,,,,,,,,,,,,,,,,,,
162,2020BW14 ,27-06-2019,4-22-02,315.0457268,-45.20501467,3.17491923,114.2865736,0.50917335,21.93521676,18.01371009,0.959336987,ESO-VST/OMEGACAM,OCAM_r_SDSS,320,315.0452917,-45.20520833,2.996,1.261,3.413230633,93.225,21.278,30.69443132,,,,,,,,,,,,,,,,,,,,,,
163,2013NJ10 ,04-07-2019,5-20-16,271.3537414,-24.60545842,4.8684216,172.4334445,0.37264857,22.25217351,14.29612742,0.806154688,ESO-VST/OMEGACAM,OCAM_g_SDSS,300,271.3535417,-24.60547222,1.522,0.621,5.135193831,91.539,21.102,39.09497416,,,,,,,,,,,,,,,,,,,,,,
164,2013NJ10 ,04-07-2019,5-26-00,271.3520992,-24.60566636,4.80304398,172.3499072,0.36653442,22.50003183,10.64636307,0.873300705,ESO-VST/OMEGACAM,OCAM_g_SDSS,300,271.3518958,-24.60566667,1.522,0.621,5.284195486,91.539,21.102,35.0714255,,,,,,,,,,,,,,,,,,,,,,
165,2013NJ10 ,06-07-2019,1-52-11,270.6198002,-24.69411868,4.73074497,172.0671525,0.26128263,21.35747179,31.41517685,0.608585525,ESO-VST/OMEGACAM,OCAM_r_SDSS,300,270.6191667,-24.69413889,1.518,0.623,5.135193831,91.536,20.738,51.20385957,,,,,,,,,,,,,,,,,,,,,,
166,2013NJ10 ,06-07-2019,4-56-46,270.5677267,-24.70009155,4.6158525,173.2408566,0.51395547,22.14489704,10.96217496,1.224015479,ESO-VST/OMEGACAM,OCAM_g_SDSS,300,270.5675,-24.70011111,1.518,0.624,5.135193831,91.535,21.183,23.89749637,,,,,,,,,,,,,,,,,,,,,,
167,2013NJ10 ,06-07-2019,5-20-31,270.5610701,-24.70080653,4.50345,173.6747575,0.53889045,22.17753076,9.338367873,1.429110303,ESO-VST/OMEGACAM,OCAM_g_SDSS,300,270.560875,-24.70084722,1.518,0.624,5.12447219,91.535,21.183,20.51073711,,,,,,,,,,,,,,,,,,,,,,
168,2020BD2  ,08-07-2019,3-21-47,315.2244383,-44.43049631,5.39150136,113.1715977,2.99844636,23.00119411,3.913596932,0.974159985,ESO-VST/OMEGACAM,OCAM_r_SDSS,320,315.2299583,-44.42543056,108.631,156.844,6.090176991,99.443,23.112,3.128491938,,,,,,,,,,,,,,,,,,,,,,
169,2019SK7  ,20-09-2019,05-03-2017,23.66435839,30.23306577,3.4980771,106.2581369,0.78048747,22.01895821,6.231785,1.426869501,ESO-VST/OMEGACAM,OCAM_r_SDSS,120,23.66441667,30.23304167,1.055,1.754,3.759010226,92.026,21.656,8.101287429,,,,,,,,,,,,,,,,,,,,,,
170,2019SK7  ,20-09-2019,5-27-23,23.65789243,30.22177167,3.56797371,112.389453,0.48818763,21.7521956,8.673974676,1.284965122,ESO-VST/OMEGACAM,OCAM_r_SDSS,120,23.65810417,30.22193056,1.056,1.75,3.833100702,92.022,21.654,8.838329486,,,,,,,,,,,,,,,,,,,,,,
171,2019SK7  ,20-09-2019,5-30-09,23.65733181,30.22057999,4.64060016,111.1244768,0.47280555,21.54075561,8.265671193,1.259664407,ESO-VST/OMEGACAM,OCAM_r_SDSS,120,23.657375,30.22065278,1.056,1.749,3.759010226,92.022,21.654,9.193554141,,,,,,,,,,,,,,,,,,,,,,
172,2019SY5  ,06-09-2019,0-34-18,331.7102211,-37.5142091,7.96937652,123.735106,0.33441681,21.01649272,15.58119371,1.029844334,ESO-VST/OMEGACAM,OCAM_r_SDSS,320,331.7106667,-37.51440278,14.053,21.038,8.796611248,114.826,20.676,19.31558191,,,,,,,,,,,,,,,,,,,,,,
173,2019SY5  ,06-09-2019,0-40-23,331.7121059,-37.51200715,8.35400391,124.9545321,0.41458074,21.12864422,13.18669025,1.046900908,ESO-VST/OMEGACAM,OCAM_r_SDSS,320,331.7125,-37.51226389,14.045,21.034,8.796611249,114.82,20.676,19.00088389,,,,,,,,,,,,,,,,,,,,,,
174,2019SY5  ,06-09-2019,0-46-27,331.7139387,-37.50987114,7.77839034,123.284532,0.37688847,21.0233669,18.28723693,0.893324321,ESO-VST/OMEGACAM,OCAM_r_SDSS,320,331.7143125,-37.51013889,14.037,21.03,8.970110186,114.813,20.676,21.83674105,,,,,,,,,,,,,,,,,,,,,,
175,2015OS35 ,18-02-2020,5-34-15,141.4976944,-7.185684388,4.51861095,24.49469059,0.49631778,23.54239753,4.139113523,0.646410019,ESO-VST/OMEGACAM,OCAM_r_SDSS,300,141.4975625,-7.185680556,1.198,0.541,3.565480297,91.228,23.533,5.291219999,,,,,,,,,,,,,,,,,,,,,,
176,2020ON1  ,29-02-2020,4-19-14,197.9425682,-17.06780541,4.24815951,64.37811082,0.38892462,22.76373193,6.857362611,0.878098105,ESO-VST/OMEGACAM,OCAM_r_SDSS,320,197.9429792,-17.06806944,5.2,3.314,4.182424615,95.96,22.578,8.264655624,,,,,,,,,,,,,,,,,,,,,,
177,2020ON1  ,29-02-2020,4-25-19,197.9431477,-17.06893308,4.51114524,64.88580872,0.50012655,22.82826078,6.97087666,0.766505408,ESO-VST/OMEGACAM,OCAM_r_SDSS,320,197.9435625,-17.06923611,5.2,3.314,4.182424615,95.96,22.578,9.467876375,,,,,,,,,,,,,,,,,,,,,,
178,2020ON1  ,29-02-2020,4-31-24,197.9437467,-17.07009054,3.99324219,61.80942643,0.56031549,22.98054427,8.568685857,0.612260387,ESO-VST/OMEGACAM,OCAM_r_SDSS,320,197.9441667,-17.07040278,5.2,3.314,4.114629122,95.96,22.578,12.04839237,,,,,,,,,,,,,,,,,,,,,,
179,2020ON1  ,01-03-2020,05-03-1932,198.1001894,-17.35490267,4.15645482,65.53989734,0.38123883,22.74629289,9.98756332,0.62617248,ESO-VST/OMEGACAM,OCAM_r_SDSS,320,198.1005833,-17.35180556,5.263,3.32,4.204780208,96.016,22.524,12.11598246,,,,,,,,,,,,,,,,,,,,,,
180,2020ON1  ,01-03-2020,05-09-1936,198.0987747,-17.3511592,4.13086611,71.29015907,0.35796285,23.86753232,3.735218572,0.599823775,ESO-VST/OMEGACAM,OCAM_r_SDSS,320,198.101125,-17.35298611,5.263,3.32,4.114629122,96.016,22.524,12.92532847,,,,,,,,,,,,,,,,,,,,,,
181,2009WK6  ,11-01-2021,4-13-42,105.3096688,16.27594284,4.90628733,5.14773931,2.44379457,22.34032011,8.470766256,0.909054712,ESO-VST/OMEGACAM,OCAM_r_SDSS,320,105.3091875,16.275875,3.124,0.723,4.959103576,93.188,21.828,13.43390834,,,,,,,,,,,,,,,,,,,,,,
182,2009WK6  ,12-01-2021,03-09-1947,104.9666836,16.29286375,4.25416824,364.4280294,0.36258285,22.53730943,7.526535362,0.98414752,ESO-VST/OMEGACAM,OCAM_r_SDSS,320,104.9669167,16.29277778,3.112,0.716,4.80418586,93.175,21.871,12.31163236,,,,,,,,,,,,,,,,,,,,,,
183,2009WK6  ,12-01-2021,3-28-01,104.9621195,16.29312146,4.92734949,3.713912428,1.40107296,22.38972691,8.429485155,0.869137646,ESO-VST/OMEGACAM,OCAM_r_SDSS,320,104.9622708,16.29301389,3.112,0.716,4.959103576,93.175,21.872,13.49285464,,,,,,,,,,,,,,,,,,,,,,
184,2021VK1  ,24-10-2021,2-39-58,29.81539825,17.8536246,4.09017546,45.10060203,0.79359714,20.89436777,7.377782577,2.053428,ESO-VST/OMEGACAM,OCAM_r_SDSS,60,29.81545833,17.85345833,1.814,1.568,5.940559696,92.073,19.869,13.06138017,,,,,,,,,,,,,,,,,,,,,,
185,2021UF9  ,03-10-2021,3-32-53,33.2143182,-20.78905147,6.92001597,122.5478802,0.3978933,22.06725434,8.903111858,0.788575137,ESO-VST/OMEGACAM,OCAM_r_SDSS,320,33.21452083,-20.78902778,3.583,3.151,7.410992596,93.771,21.84,10.24885891,,,,,,,,,,,,,,,,,,,,,,
186,2021UF9  ,03-10-2021,3-38-57,33.21574113,-20.78726685,6.99982815,125.153062,0.54317571,22.1851528,7.639900153,0.814999916,ESO-VST/OMEGACAM,OCAM_r_SDSS,320,33.21589583,-20.78711111,3.582,3.149,7.410992596,93.77,21.84,9.916559688,,,,,,,,,,,,,,,,,,,,,,
187,2021FM2  ,22-03-2021,3-22-14,195.2861576,-0.572430056,8.31830244,100.8464161,0.43744974,20.34968475,9.425578346,1.305202101,ESO-VST/OMEGACAM,OCAM_r_SDSS,60,195.2860833,-0.572388889,1.154,1.373,7.025688228,91.506,20.391,10.74308568,,,,,,,,,,,,,,,,,,,,,,
188,2021FM2  ,22-03-2021,3-23-58,195.2864204,-0.56903735,7.43361507,98.91033443,0.43189524,20.24798653,11.49862254,1.314782398,ESO-VST/OMEGACAM,OCAM_r_SDSS,60,195.2863333,-0.569027778,1.148,1.364,7.025688228,91.495,20.393,10.64517787,,,,,,,,,,,,,,,,,,,,,,
189,2021FM2  ,22-03-2021,3-25-42,195.2866714,-0.565669213,7.58800497,96.58727705,1.42289889,20.38111242,10.7043958,1.223938641,ESO-VST/OMEGACAM,OCAM_r_SDSS,60,195.2865833,-0.565680556,1.141,1.355,6.926058828,91.485,20.395,11.57843531,,,,,,,,,,,,,,,,,,,,,,
190,2021FM2  ,22-03-2021,3-27-27,195.2868942,-0.562283318,7.5913635,99.05787106,0.82779165,20.58511236,8.280523847,1.310605041,ESO-VST/OMEGACAM,OCAM_r_SDSS,60,195.2868125,-0.562291667,1.135,1.346,6.914679343,91.475,20.397,10.8106503,,,,,,,,,,,,,,,,,,,,,,
191,2021FM2  ,22-03-2021,3-29-11,195.2871186,-0.558914605,7.68785766,97.29843226,0.6681654,20.41065108,10.22255486,1.231031494,ESO-VST/OMEGACAM,OCAM_r_SDSS,60,195.2870625,-0.558944444,1.129,1.338,7.014470373,91.464,20.399,11.3248284,,,,,,,,,,,,,,,,,,,,,,
192,2021FM2  ,22-03-2021,3-30-56,195.2873382,-0.555638363,8.05372806,96.0720161,0.80136756,20.35353091,9.523223847,1.32953894,ESO-VST/OMEGACAM,OCAM_r_SDSS,60,195.2872708,-0.555569444,1.123,1.329,6.914679343,91.454,20.401,10.61750787,,,,,,,,,,,,,,,,,,,,,,
193,2021FM2  ,22-03-2021,3-32-40,195.2875559,-0.552215456,7.82669391,98.45162442,0.65348955,20.41698667,10.19916564,1.204915845,ESO-VST/OMEGACAM,OCAM_r_SDSS,60,195.2874792,-0.552236111,1.116,1.321,6.914679343,91.444,20.403,11.69410361,,,,,,,,,,,,,,,,,,,,,,
194,2021FM2  ,22-03-2021,3-34-25,195.2877627,-0.548928081,8.12273448,97.2680655,0.62230875,20.09628069,12.29103973,1.294467717,ESO-VST/OMEGACAM,OCAM_r_SDSS,60,195.2876667,-0.548875,1.11,1.312,6.90653966,91.434,20.405,10.87787254,,,,,,,,,,,,,,,,,,,,,,
195,2021FM2  ,22-03-2021,3-36-10,195.2879408,-0.545516711,8.14381554,99.25273401,0.90028071,20.43468719,8.967263741,1.295781076,ESO-VST/OMEGACAM,OCAM_r_SDSS,60,195.2878542,-0.545527778,1.104,1.304,6.81489444,91.424,20.407,10.99271456,,,,,,,,,,,,,,,,,,,,,,
196,2021FM2  ,22-03-2021,3-37-56,195.2881225,-0.542197993,7.57667316,97.1661936,0.61697769,20.37615291,11.28859535,1.167655571,ESO-VST/OMEGACAM,OCAM_r_SDSS,60,195.2880417,-0.542152778,1.098,1.296,6.90653966,91.414,20.409,12.01490756,,,,,,,,,,,,,,,,,,,,,,
